{"initial_reset_timestamp": 1573398547.7988493, "timestamps": [1573398551.816837, 1573398553.2152212], "episode_lengths": [68, 20], "episode_rewards": [-1077.1038200386831, -1047.1459667232689], "episode_types": ["t", "t", "t"]}